<ImportExportXml version="9.2.22051.128" SolutionPackageVersion="9.2" languagecode="1033" generatedBy="CrmLive" xmlns:xsi="http://www.w3.org/2001/XMLSchema-instance">
  <SolutionManifest>
    <UniqueName>MaturityAssessmentTool</UniqueName>
    <LocalizedNames>
      <LocalizedName description="Maturity Assessment Tool" languagecode="1033" />
    </LocalizedNames>
    <Descriptions />
    <Version>1.0.0.7</Version>
    <Managed>1</Managed>
    <Publisher>
      <UniqueName>MicrosoftFrenchPowerPlatform</UniqueName>
      <LocalizedNames>
        <LocalizedName description="Microsoft French Power Platform" languagecode="1033" />
      </LocalizedNames>
      <Descriptions>
        <Description description="A team of Microsoft French Power Platform experts" languagecode="1033" />
      </Descriptions>
      <EMailAddress>sanaab@microsoft.com</EMailAddress>
      <SupportingWebsiteUrl>https://www.linkedin.com/in/sana%C3%A2-b-54a1511b/</SupportingWebsiteUrl>
      <CustomizationPrefix>msfp</CustomizationPrefix>
      <CustomizationOptionValuePrefix>45920</CustomizationOptionValuePrefix>
      <Addresses>
        <Address>
          <AddressNumber>1</AddressNumber>
          <AddressTypeCode>1</AddressTypeCode>
          <City>Issy les moulineaux</City>
          <County xsi:nil="true"></County>
          <Country>France</Country>
          <Fax xsi:nil="true"></Fax>
          <FreightTermsCode xsi:nil="true"></FreightTermsCode>
          <ImportSequenceNumber xsi:nil="true"></ImportSequenceNumber>
          <Latitude xsi:nil="true"></Latitude>
          <Line1>39 quai du président Roosevelt</Line1>
          <Line2 xsi:nil="true"></Line2>
          <Line3 xsi:nil="true"></Line3>
          <Longitude xsi:nil="true"></Longitude>
          <Name xsi:nil="true"></Name>
          <PostalCode>92130</PostalCode>
          <PostOfficeBox xsi:nil="true"></PostOfficeBox>
          <PrimaryContactName xsi:nil="true"></PrimaryContactName>
          <ShippingMethodCode>1</ShippingMethodCode>
          <StateOrProvince xsi:nil="true"></StateOrProvince>
          <Telephone1 xsi:nil="true"></Telephone1>
          <Telephone2 xsi:nil="true"></Telephone2>
          <Telephone3 xsi:nil="true"></Telephone3>
          <TimeZoneRuleVersionNumber xsi:nil="true"></TimeZoneRuleVersionNumber>
          <UPSZone xsi:nil="true"></UPSZone>
          <UTCOffset xsi:nil="true"></UTCOffset>
          <UTCConversionTimeZoneCode xsi:nil="true"></UTCConversionTimeZoneCode>
        </Address>
        <Address>
          <AddressNumber>2</AddressNumber>
          <AddressTypeCode>1</AddressTypeCode>
          <City xsi:nil="true"></City>
          <County xsi:nil="true"></County>
          <Country xsi:nil="true"></Country>
          <Fax xsi:nil="true"></Fax>
          <FreightTermsCode xsi:nil="true"></FreightTermsCode>
          <ImportSequenceNumber xsi:nil="true"></ImportSequenceNumber>
          <Latitude xsi:nil="true"></Latitude>
          <Line1 xsi:nil="true"></Line1>
          <Line2 xsi:nil="true"></Line2>
          <Line3 xsi:nil="true"></Line3>
          <Longitude xsi:nil="true"></Longitude>
          <Name xsi:nil="true"></Name>
          <PostalCode xsi:nil="true"></PostalCode>
          <PostOfficeBox xsi:nil="true"></PostOfficeBox>
          <PrimaryContactName xsi:nil="true"></PrimaryContactName>
          <ShippingMethodCode>1</ShippingMethodCode>
          <StateOrProvince xsi:nil="true"></StateOrProvince>
          <Telephone1 xsi:nil="true"></Telephone1>
          <Telephone2 xsi:nil="true"></Telephone2>
          <Telephone3 xsi:nil="true"></Telephone3>
          <TimeZoneRuleVersionNumber xsi:nil="true"></TimeZoneRuleVersionNumber>
          <UPSZone xsi:nil="true"></UPSZone>
          <UTCOffset xsi:nil="true"></UTCOffset>
          <UTCConversionTimeZoneCode xsi:nil="true"></UTCConversionTimeZoneCode>
        </Address>
      </Addresses>
    </Publisher>
    <RootComponents>
      <RootComponent type="1" schemaName="msfp_admin" behavior="0" />
      <RootComponent type="1" schemaName="msfp_allupscore" behavior="0" />
      <RootComponent type="1" schemaName="msfp_automation" behavior="0" />
      <RootComponent type="1" schemaName="msfp_businessvalue" behavior="0" />
      <RootComponent type="1" schemaName="msfp_fusionteams" behavior="0" />
      <RootComponent type="1" schemaName="msfp_nurture" behavior="0" />
      <RootComponent type="1" schemaName="msfp_roles" behavior="0" />
      <RootComponent type="1" schemaName="msfp_strategy" behavior="0" />
      <RootComponent type="1" schemaName="msfp_support" behavior="0" />
      <RootComponent type="62" schemaName="msfp_PowerPlatformAssessmentAdminConsole" behavior="0" />
      <RootComponent type="80" schemaName="msfp_PowerPlatformAssessmentAdminConsole" behavior="0" />
      <RootComponent type="300" schemaName="msfp_powerplatformassessmenttool_2a082" behavior="0" />
    </RootComponents>
    <MissingDependencies>
      <MissingDependency>
        <Required type="1" schemaName="environmentvariabledefinition" displayName="Environment Variable Definition" solution="EnvironmentVariables (1.0.2.117)" />
        <Dependent type="300" schemaName="msfp_powerplatformassessmenttool_2a082" displayName="Power Platform Assessment Tool" />
      </MissingDependency>
      <MissingDependency>
        <Required type="1" schemaName="environmentvariablevalue" displayName="Environment Variable Value" solution="EnvironmentVariables (1.0.2.117)" />
        <Dependent type="300" schemaName="msfp_powerplatformassessmenttool_2a082" displayName="Power Platform Assessment Tool" />
      </MissingDependency>
      <MissingDependency>
        <Required type="61" schemaName="msdyn_/Images/AppModule_Default_Icon.png" displayName="msdyn_/Images/AppModule_Default_Icon.png" solution="AppModuleWebResources (2.5)" />
        <Dependent type="80" schemaName="msfp_PowerPlatformAssessmentAdminConsole" displayName="Power Platform Assessment Admin Console" />
      </MissingDependency>
    </MissingDependencies>
  </SolutionManifest>
</ImportExportXml>