<environmentvariabledefinition schemaname="msfp_DataImportTool">
  <defaultvalue>yes</defaultvalue>
  <description default="View or not the Power Platform Maturity Assessment app Data Import Tool">
    <label description="View or not the Power Platform Maturity Assessment app Data Import Tool" languagecode="1033" />
  </description>
  <displayname default="DataImportTool">
    <label description="DataImportTool" languagecode="1033" />
  </displayname>
  <introducedversion>1.0.0.0</introducedversion>
  <iscustomizable>1</iscustomizable>
  <isrequired>0</isrequired>
  <secretstore>0</secretstore>
  <type>100000002</type>
</environmentvariabledefinition>